"artist_id","artist_name","artist_stage_name","band_id","artist_website",
"1","Nyah","Dandre","1","http://schmidt.com/",
"2","Brandyn","Selena","2","http://www.hammeshoeger.com/",
"3","Letha","Lisette","3","http://www.frami.org/",
"4","Lorenza","Alba","4","http://johnshahn.com/",
"5","Cody","Luz","5","http://goldner.com/",
"6","Moshe","Eleonore","6","http://bogan.com/",
"7","Virgie","Tressie","7","http://rempelweber.info/",
"8","Gisselle","Natasha","8","http://www.jast.com/",
"9","Isadore","Ozella","9","http://hegmannbayer.info/",
"10","Giovani","Taryn","10","http://reynolds.com/",
"11","Wilmer","Kenya","11","http://www.murrayhahn.com/",
"12","Judge","Bethel","12","http://satterfield.com/",
"13","Bart","Karolann","13","http://kris.com/",
"14","Glenna","Mercedes","14","http://www.turcottejakubowski.org/",
"15","Jordon","Edwina","15","http://legros.biz/",
"16","Arianna","Mckayla","16","http://www.nitzsche.com/",
"17","Marcel","Gerry","17","http://bruen.com/",
"18","Odessa","Talia","18","http://reynolds.com/",
"19","Cortez","Daija","19","http://www.smith.com/",
"20","Onie","Lavada","20","http://shields.com/",
"21","Allen","Glenna","21","http://price.com/",
"22","Herminio","Eveline","22","http://champlinrice.org/",
"23","Keeley","Christelle","23","http://torphy.com/",
"24","Anibal","Pink","24","http://www.ward.com/",
"25","Sibyl","Otilia","25","http://www.hammes.com/",
"26","Josie","Vesta","26","http://www.andersonrussel.com/",
"27","Carissa","Cathrine","27","http://corwin.biz/",
"28","Rodolfo","Berneice","28","http://bosco.org/",
"29","Catherine","Isabell","29","http://fay.com/",
"30","Althea","Julianne","30","http://jastkirlin.com/",
"31","Baylee","Etha","31","http://www.eichmannchristiansen.info/",
"32","Hosea","Stefanie","32","http://www.hackett.biz/",
"33","Rogelio","Macy","33","http://www.balistreri.com/",
"34","Myrtle","Leatha","34","http://cremin.biz/",
"35","Vada","Cassandre","35","http://schowalter.biz/",
"36","Elizabeth","America","36","http://www.heller.com/",
"37","Jaquelin","Dina","37","http://www.grahamolson.org/",
"38","Sterling","Yazmin","38","http://www.ondricka.com/",
"39","Reese","Filomena","39","http://carterauer.com/",
"40","Edyth","Andreane","40","http://breitenberg.com/",
"41","Bernita","Dianna","41","http://www.zboncak.com/",
"42","Dina","Albertha","42","http://www.hessel.com/",
"43","Georgette","Joelle","43","http://www.treutel.com/",
"44","Dallin","Elouise","44","http://lockman.info/",
"45","Carli","Virgie","45","http://www.jacobi.net/",
"46","Maida","Gilda","46","http://www.bahringer.biz/",
"47","Ernestina","Rachael","47","http://wisozk.com/",
"48","Imani","Heaven","48","http://tillman.com/",
"49","Claud","Ramona","49","http://beahan.com/",
"50","Kylee","Emily","50","http://gleason.com/",
"51","Israel","Lesly","1","http://wehnerschneider.net/",
"52","Lexus","Filomena","2","http://www.romaguera.com/",
"53","Cruz","Hannah","3","http://www.effertzrunolfsdottir.com/",
"54","Jany","Vanessa","4","http://shields.net/",
"55","Trenton","Delphine","5","http://orn.info/",
"56","Colton","Alva","6","http://parkergusikowski.net/",
"57","Rod","Margarett","7","http://www.brakus.net/",
"58","Payton","Alize","8","http://mccullough.info/",
"59","Libbie","Virginia","9","http://kiehncrooks.info/",
"60","Marlen","Heaven","10","http://www.mcglynnbecker.com/",
"61","Sidney","Abbigail","11","http://www.lueilwitz.com/",
"62","Mason","Eleanora","12","http://rolfson.com/",
"63","Gabriel","Kellie","13","http://www.borerparisian.net/",
"64","Gerson","Irma","14","http://www.stokesnader.com/",
"65","Sammy","Genevieve","15","http://yost.biz/",
"66","Price","Christa","16","http://hane.net/",
"67","Chanelle","Amya","17","http://gulgowskimitchell.info/",
"68","Carmela","Cali","18","http://www.vonrueden.com/",
"69","Milan","Elenora","19","http://www.kohler.org/",
"70","Dustin","Jakayla","20","http://www.tillman.com/",
"71","Luella","Kiara","21","http://www.hirthecarter.net/",
"72","Lora","Lavada","22","http://www.harris.com/",
"73","Dario","Gwendolyn","23","http://volkman.com/",
"74","Autumn","Ophelia","24","http://www.gutkowski.com/",
"75","Tony","Sadye","25","http://www.jakubowskiemard.com/",
"76","Jasper","Krystel","26","http://www.kuhn.biz/",
"77","Guido","Maegan","27","http://www.cremindoyle.net/",
"78","Fletcher","Lottie","28","http://www.homenick.com/",
"79","Marge","Nelda","29","http://macejkovic.com/",
"80","Tina","Anahi","30","http://www.cormier.com/",
"81","Issac","Bridgette","31","http://www.wittingmedhurst.org/",
"82","Lorenza","Winona","32","http://www.mante.com/",
"83","Margie","Rebeka","33","http://www.okeefe.biz/",
"84","Nasir","Christiana","34","http://altenwerthhahn.net/",
"85","Jorge","Kathryn","35","http://reynolds.biz/",
"86","Kassandra","Mariam","36","http://www.strackekuhlman.org/",
"87","Joan","Lauriane","37","http://www.trantowthompson.net/",
"88","Freddie","Chyna","38","http://www.stromankuvalis.net/",
"89","Laila","Rubie","39","http://www.hayes.com/",
"90","Erica","Hulda","40","http://langworth.com/",
"91","Rowena","Liza","41","http://rippin.com/",
"92","Salvador","Ashlynn","42","http://www.raugerlach.org/",
"93","Mike","Marguerite","43","http://www.ricedare.com/",
"94","Reese","Vivienne","44","http://gleason.com/",
"95","Darian","Dixie","45","http://barrows.com/",
"96","Lauretta","Queenie","46","http://www.waters.net/",
"97","Melyna","Jade","47","http://www.schmelerblick.biz/",
"98","Wilfred","Shanny","48","http://murphy.biz/",
"99","Alysha","Kimberly","49","http://faheylind.com/",
"100","Kaya","Nellie","50","http://www.rau.org/",
"101","Sven","Estell","1","http://botsford.com/",
"102","Winnifred","Margarett","2","http://www.upton.com/",
"103","Jovany","Nellie","3","http://www.cartwright.org/",
"104","Oma","Antonina","4","http://rodriguezrogahn.org/",
"105","Eva","Rafaela","5","http://gulgowski.org/",
"106","Joanny","Ophelia","6","http://www.quitzon.net/",
"107","Ellsworth","Dana","7","http://www.weimannlang.com/",
"108","Martina","Lucienne","8","http://marquardt.com/",
"109","Erika","Margarete","9","http://christiansen.org/",
"110","Malvina","Jeanie","10","http://medhurst.com/",
"111","Richard","Serenity","11","http://www.kutch.org/",
"112","Henderson","Liliana","12","http://anderson.com/",
"113","Dereck","Jaunita","13","http://cormier.org/",
"114","Lexi","Bethany","14","http://www.strackepagac.com/",
"115","Carolina","Marjorie","15","http://www.altenwerth.com/",
"116","Bonita","Brenna","16","http://www.goyette.com/",
"117","Alexanne","Kiera","17","http://ziemehand.com/",
"118","Marlen","Kayla","18","http://www.gaylord.com/",
"119","Noemie","Verona","19","http://tillmanroob.net/",
"120","Maymie","Tess","20","http://ernser.com/",
"121","Joana","Assunta","21","http://streichwehner.com/",
"122","Constantin","Ethyl","22","http://www.torp.com/",
"123","Edmond","Mathilde","23","http://collierschamberger.com/",
"124","Evalyn","Cortney","24","http://www.huelreilly.com/",
"125","Deborah","Emely","25","http://www.doyle.info/",
"126","Harley","Gabriella","26","http://wolfbartell.com/",
"127","Jamil","Retha","27","http://schadenlittle.info/",
"128","Effie","Madie","28","http://www.kihn.info/",
"129","Arnulfo","Matilde","29","http://moore.biz/",
"130","Flavio","Elsa","30","http://zboncak.com/",
"131","Darian","Marlee","31","http://www.nolanhermiston.com/",
"132","Pearlie","Sierra","32","http://davis.biz/",
"133","Estell","Marlen","33","http://braunauer.org/",
"134","Emelia","Meta","34","http://www.tillman.com/",
"135","Cade","Jacynthe","35","http://www.stroman.org/",
"136","Abelardo","Alberta","36","http://www.blick.com/",
"137","Kirk","Sienna","37","http://www.oconnercormier.info/",
"138","Annabel","Linnie","38","http://kessler.info/",
"139","Zander","Julianne","39","http://www.gerholdlakin.org/",
"140","Evangeline","Aurelia","40","http://andersonkohler.com/",
"141","Orie","Katrina","41","http://www.rice.com/",
"142","Antonietta","Sadye","42","http://rutherfordhartmann.biz/",
"143","Tom","Kelsi","43","http://www.olson.com/",
"144","Turner","Marisa","44","http://lind.com/",
"145","Jayne","Ruth","45","http://www.lesch.info/",
"146","Brant","Aleen","46","http://www.fisher.net/",
"147","Ena","Lizeth","47","http://www.bode.com/",
"148","Tobin","Sienna","48","http://runte.net/",
"149","Isabella","Carole","49","http://www.wolff.com/",
"150","Gardner","Caroline","50","http://ankunding.com/",
