"event_id","event_name","festival_year","stage_id","event_start","event_end","break_duration_id",
"1","consequatur","1972","1","233","1772","1",
"2","nihil","1975","2","331","1529","2",
"3","nam","1976","3","322","1661","3",
"4","iste","1985","4","125","557","4",
"5","earum","1986","5","353","872","5",
"6","consequatur","1997","6","271","1611","6",
"7","quod","2001","7","75","781","7",
"8","velit","2009","8","44","423","8",
"9","dolore","2018","9","317","529","9",
"10","quod","2022","10","343","802","10",
"11","omnis","1972","11","103","1781","11",
"12","aliquam","1975","12","200","889","12",
"13","et","1976","13","19","1385","13",
"14","optio","1985","14","362","544","14",
"15","accusantium","1986","15","63","1780","15",
"16","ea","1997","16","341","1013","16",
"17","tenetur","2001","17","140","1460","17",
"18","tenetur","2009","18","372","491","18",
"19","ratione","2018","19","301","1385","19",
"20","molestias","2022","20","322","709","20",
"21","dolores","1972","21","260","986","21",
"22","provident","1975","22","382","1424","22",
"23","quisquam","1976","23","127","714","23",
"24","corporis","1985","24","316","779","24",
"25","nisi","1986","25","139","516","25",
"26","hic","1997","26","394","1084","26",
"27","sit","2001","27","21","1015","27",
"28","est","2009","28","207","892","28",
"29","nisi","2018","29","316","1536","29",
"30","aliquam","2022","30","29","1368","30",
"31","voluptas","1972","1","110","1095","31",
"32","quae","1975","2","91","1479","32",
"33","a","1976","3","226","1481","33",
"34","odit","1985","4","228","1720","34",
"35","in","1986","5","381","1725","35",
"36","qui","1997","6","338","962","36",
"37","consequatur","2001","7","97","1322","37",
"38","atque","2009","8","237","424","38",
"39","sed","2018","9","87","1054","39",
"40","at","2022","10","324","1088","40",
"41","vero","1972","11","309","1468","41",
"42","sint","1975","12","78","901","42",
"43","sequi","1976","13","137","1197","43",
"44","sit","1985","14","262","1243","44",
"45","quaerat","1986","15","339","1205","45",
"46","minima","1997","16","309","736","46",
"47","sunt","2001","17","103","400","47",
"48","molestiae","2009","18","115","1119","48",
"49","repudiandae","2018","19","123","1215","49",
"50","illum","2022","20","79","1690","50",
