"role_specialization_id","role_specialization_name","staff_role_id",
"1","sapiente","1",
"2","nostrum","2",
"3","alias","3",
"4","iure","1",
"5","et","2",
"6","nulla","3",
"7","nihil","1",
"8","itaque","2",
"9","repellat","3",
"10","reprehenderit","1",
"11","doloremque","2",
"12","ut","3",
"13","sequi","1",
"14","veritatis","2",
"15","consectetur","3",
"16","itaque","1",
"17","nostrum","2",
"18","temporibus","3",
"19","omnis","1",
"20","praesentium","2",
"21","vero","3",
"22","necessitatibus","1",
"23","reprehenderit","2",
"24","reiciendis","3",
"25","ut","1",
"26","nostrum","2",
"27","non","3",
"28","ut","1",
"29","quod","2",
"30","perspiciatis","3",
