"social_media_band_id","band_id","social_media_url","social_media_name",
"1","1","http://kunde.org/","placeat",
"2","2","http://www.kilback.com/","aut",
"3","3","http://www.ruecker.info/","et",
"4","4","http://www.connellyschoen.com/","totam",
"5","5","http://stracke.com/","perferendis",
"6","6","http://koch.org/","molestiae",
"7","7","http://zulaufrussel.info/","cumque",
"8","8","http://fritsch.com/","rem",
"9","9","http://vonruedenmonahan.biz/","consequuntur",
"10","10","http://carterzemlak.com/","maiores",
"11","11","http://runteaufderhar.net/","qui",
"12","12","http://www.thiel.com/","fuga",
"13","13","http://www.damore.com/","autem",
"14","14","http://bogan.com/","enim",
"15","15","http://bayer.com/","qui",
"16","16","http://zulauf.com/","reprehenderit",
"17","17","http://www.blandaondricka.com/","saepe",
"18","18","http://www.towne.com/","eos",
"19","19","http://www.marvin.com/","quisquam",
"20","20","http://wisozk.biz/","dolor",
"21","21","http://prosacco.biz/","animi",
"22","22","http://oberbrunnerbrakus.org/","velit",
"23","23","http://www.kiehn.com/","aut",
"24","24","http://www.wyman.org/","animi",
"25","25","http://www.abernathystoltenberg.com/","nisi",
"26","26","http://considinewilkinson.com/","tenetur",
"27","27","http://www.blanda.com/","fugit",
"28","28","http://www.prosaccoheathcote.com/","id",
"29","29","http://www.dietrich.org/","provident",
"30","30","http://www.kreigerlowe.org/","nemo",
"31","31","http://www.brown.com/","enim",
"32","32","http://batzfarrell.com/","iste",
"33","33","http://champlineichmann.info/","quo",
"34","34","http://www.townekreiger.biz/","voluptatem",
"35","35","http://wilkinsonhuel.info/","quasi",
"36","36","http://kuphal.com/","illo",
"37","37","http://parkermosciski.org/","omnis",
"38","38","http://reichertmertz.com/","possimus",
"39","39","http://www.swift.net/","id",
"40","40","http://labadie.net/","velit",
"41","41","http://wunsch.info/","modi",
"42","42","http://fisher.com/","id",
"43","43","http://littel.com/","in",
"44","44","http://www.goldner.biz/","iure",
"45","45","http://www.cassingreenholt.com/","culpa",
"46","46","http://www.champlin.biz/","quos",
"47","47","http://roweparker.net/","dignissimos",
"48","48","http://huelwiza.com/","doloremque",
"49","49","http://rippin.com/","et",
"50","50","http://schaeferdoyle.com/","est",
