"stage_id","stage_name","stage_capacity",
"1","labore","32903",
"2","et","14797",
"3","cupiditate","39968",
"4","esse","38360",
"5","tempore","41867",
"6","dolor","7605",
"7","id","40029",
"8","aperiam","54843",
"9","eveniet","662",
"10","et","92399",
"11","voluptatibus","46124",
"12","itaque","84866",
"13","eaque","38730",
"14","nihil","20487",
"15","sit","23375",
"16","fugit","47789",
"17","hic","41471",
"18","aut","17681",
"19","error","89234",
"20","distinctio","9523",
"21","ut","43935",
"22","ad","81539",
"23","quos","11610",
"24","cupiditate","99547",
"25","pariatur","20584",
"26","accusamus","55494",
"27","perspiciatis","54926",
"28","voluptate","73774",
"29","reiciendis","65420",
"30","autem","98495",
