"visitor_contact_id","visitor_id","visitor_email","visitor_phone",
"1","1","mikel86@example.org","531-320-2073",
"2","2","mcclure.rosamond@example.com","008.457.6997",
"3","3","blake.grimes@example.com","(816)565-2265x97622",
"4","4","moen.kiera@example.org","+63(0)2638324295",
"5","5","mackenzie89@example.org","+19(6)5856914216",
"6","6","kip48@example.org","728.713.6781",
"7","7","tanya.daniel@example.com","089.562.3810x707",
"8","8","lind.margarett@example.org","1-615-185-7100",
"9","9","nash.lesch@example.com","502.676.1090x6555",
"10","10","ines92@example.com","(661)781-5393x269",
"11","11","vkovacek@example.org","1-338-193-0449",
"12","12","lowell.runte@example.net","693.625.8398x951",
"13","13","raina24@example.com","1-013-000-1075",
"14","14","ocie.nader@example.com","177-991-8085",
"15","15","iherman@example.net","032-280-2063",
"16","16","tcrona@example.com","(272)950-7575x7430",
"17","17","schultz.aileen@example.org","+80(0)7969494151",
"18","18","fchamplin@example.com","275-569-1896",
"19","19","conroy.camille@example.net","397-798-5198",
"20","20","ithiel@example.org","(455)649-7248x44912",
"21","21","zjacobi@example.org","854.339.2283x0079",
"22","22","brandy89@example.org","1-479-377-9467",
"23","23","kale35@example.net","188-460-1840x675",
"24","24","zabbott@example.org","959.614.9486x498",
"25","25","steuber.erich@example.net","099-100-4753",
"26","26","stanton.madeline@example.net","1-441-113-7267x206",
"27","27","ischaden@example.com","741.579.9249x050",
"28","28","xkautzer@example.com","1-426-245-4564x106",
"29","29","bethany91@example.org","582-600-4359",
"30","30","bogan.carlie@example.net","1-272-878-2928x599",
"31","31","hickle.christopher@example.net","(703)748-2375x7126",
"32","32","zbuckridge@example.org","1-122-648-2722x46643",
"33","33","bennie.o'connell@example.com","871.655.3300",
"34","34","ihomenick@example.org","817-702-4489x286",
"35","35","hills.vincenzo@example.com","336-104-2295x7797",
"36","36","wmacejkovic@example.com","320.008.3606",
"37","37","kyra.friesen@example.net","523-803-4184",
"38","38","no'kon@example.com","312-864-9543x48334",
"39","39","lyla04@example.org","1-016-573-0735x13587",
"40","40","pbraun@example.net","297-947-2645x154",
"41","41","klang@example.net","1-798-109-5988",
"42","42","zcrona@example.org","(313)882-7498",
"43","43","anissa56@example.org","05517314476",
"44","44","kovacek.payton@example.org","(394)841-7682",
"45","45","sadie76@example.com","739.925.5525x15016",
"46","46","zmayert@example.net","412.226.0972",
"47","47","qbrown@example.com","556.170.0462x857",
"48","48","willms.maxie@example.org","890-069-6511",
"49","49","giles44@example.net","547-772-9991",
"50","50","alehner@example.org","302-613-9186x21233",
"51","51","kunde.elva@example.net","(836)112-8363x870",
"52","52","larson.fabian@example.org","(812)072-6982x0817",
"53","53","rosalind.williamson@example.com","351.702.1218",
"54","54","khalid30@example.com","+84(9)3745911241",
"55","55","kennedy.rodriguez@example.org","(826)908-1467x088",
"56","56","lenna74@example.com","732.713.2535",
"57","57","verla25@example.org","728.602.9059",
"58","58","richie.sauer@example.org","645-629-9507",
"59","59","lillie.cormier@example.net","025.776.0630x589",
"60","60","ora72@example.org","652.831.7179",
"61","61","jo'kon@example.net","04947008576",
"62","62","bfisher@example.net","947.014.9466",
"63","63","anya09@example.net","+04(1)5786503371",
"64","64","dixie03@example.net","1-411-914-1600x63758",
"65","65","maryjane.turcotte@example.com","1-037-596-3215x9400",
"66","66","zieme.viva@example.net","332-324-0635",
"67","67","heidenreich.jade@example.org","082-712-5422",
"68","68","wisoky.nya@example.com","892.055.2054x590",
"69","69","bertrand81@example.org","882.023.4763x855",
"70","70","lance79@example.net","(983)645-3343x6857",
"71","71","timmy28@example.com","+17(7)2780240072",
"72","72","barrows.malachi@example.net","336-955-2710",
"73","73","beatrice.tromp@example.net","788-999-9565x843",
"74","74","nweimann@example.net","767-172-8023",
"75","75","kuhic.bonnie@example.net","697-644-6711",
"76","76","fstehr@example.net","+68(0)0939416539",
"77","77","rohan.nya@example.net","(385)049-3335",
"78","78","aglover@example.net","707-404-6323x65369",
"79","79","ava69@example.net","07444984600",
"80","80","ned99@example.net","388.872.6974",
"81","81","iwiza@example.org","(365)225-0975x5720",
"82","82","genevieve54@example.com","(398)741-8620",
"83","83","mgoldner@example.org","459-120-9150",
"84","84","freddie.swift@example.net","843.391.1744",
"85","85","hills.shane@example.org","365.504.6931x95288",
"86","86","gwen32@example.org","238.987.5688",
"87","87","gregoria06@example.net","220.260.0506",
"88","88","hattie.waters@example.net","+63(6)9490765955",
"89","89","uabernathy@example.com","739-165-2113x906",
"90","90","harold.hermann@example.com","01696451810",
"91","91","donnelly.katrine@example.org","297.202.0571",
"92","92","murl23@example.org","547-705-9783x45518",
"93","93","kane.monahan@example.com","071-479-7977x98742",
"94","94","rod.steuber@example.com","913-392-0097x3358",
"95","95","kharber@example.com","(178)095-3454x5026",
"96","96","kathryne72@example.net","1-274-812-1540x425",
"97","97","ckuhic@example.com","05885723877",
"98","98","xhartmann@example.net","(073)563-2552",
"99","99","green.lonnie@example.net","1-071-770-0461x356",
"100","100","considine.hester@example.org","836-488-1755x79234",
"101","101","mcglynn.stuart@example.net","(828)647-0893x965",
"102","102","jettie.reilly@example.org","1-924-499-2311x8573",
"103","103","abuckridge@example.com","048.027.6246x8989",
"104","104","orosenbaum@example.org","488.970.4508",
"105","105","nathanael.dicki@example.com","1-007-452-3630",
"106","106","bbreitenberg@example.org","912.862.4380x36565",
"107","107","wkris@example.com","1-826-044-7316x59262",
"108","108","jena.hessel@example.net","537.303.2296x02836",
"109","109","pinkie03@example.com","458-429-7847",
"110","110","candido11@example.net","440-424-7211x41352",
"111","111","bridgette86@example.org","672.851.7325x95038",
"112","112","mark.smitham@example.org","1-233-066-5550x9682",
"113","113","isaias.harvey@example.net","950-754-5614x2196",
"114","114","corkery.sallie@example.com","398-706-0736x467",
"115","115","tommie.mueller@example.net","1-879-428-0015x0614",
"116","116","mafalda23@example.com","584.635.7592",
"117","117","isabell11@example.org","1-161-195-5309",
"118","118","gaston26@example.net","1-455-783-0500x325",
"119","119","king.darlene@example.com","+38(9)2812127724",
"120","120","isabel66@example.org","360.190.6648",
"121","121","vonrueden.jeanne@example.org","+79(9)7992519863",
"122","122","joshuah36@example.net","304-316-8933",
"123","123","ken.mohr@example.org","1-883-463-0238x391",
"124","124","brandyn.pollich@example.org","04772454319",
"125","125","matilde.toy@example.org","885.727.7156x5427",
"126","126","gunnar.runolfsdottir@example.net","1-741-066-6277x2548",
"127","127","wolff.chet@example.org","1-170-954-0772x538",
"128","128","karlie90@example.net","05705726143",
"129","129","cassin.thad@example.org","(604)544-4609x629",
"130","130","omurphy@example.org","556-113-0717",
"131","131","ppfannerstill@example.com","600-317-9601",
"132","132","kenton28@example.com","448.663.1752x805",
"133","133","elroy.ankunding@example.com","595-471-6857x1311",
"134","134","bill24@example.net","1-553-294-9118x188",
"135","135","hardy63@example.net","046-326-8690x2459",
"136","136","brionna.cummings@example.com","537-803-0599x195",
"137","137","qdach@example.com","731-091-0714",
"138","138","fhansen@example.net","898.552.5341",
"139","139","sporer.molly@example.net","113-897-9864x21895",
"140","140","martina41@example.com","559.816.6418",
"141","141","abbigail99@example.net","1-903-981-5996x20929",
"142","142","coleman61@example.com","656-492-9963",
"143","143","lgreenholt@example.net","(023)024-0747x681",
"144","144","cecilia.green@example.net","06134076165",
"145","145","davis.rosemarie@example.net","013.657.1462",
"146","146","madelyn.hamill@example.com","006-581-5282x03977",
"147","147","telly85@example.net","(709)626-7886",
"148","148","glehner@example.org","(402)275-3479",
"149","149","leilani57@example.org","+31(2)0091981893",
"150","150","thiel.arianna@example.com","144-699-8243x577",
"151","151","julien93@example.com","(147)731-1179x99627",
"152","152","frussel@example.com","1-611-402-7611x38604",
"153","153","modesta.blanda@example.org","808.125.5399x00495",
"154","154","treutel.adelbert@example.net","227.883.7786",
"155","155","torrey.rohan@example.com","1-533-392-6934",
"156","156","kariane19@example.com","1-336-130-6877x860",
"157","157","joan.ullrich@example.net","783-803-0643x26769",
"158","158","lavinia.cummings@example.com","782-849-0607",
"159","159","walsh.shyanne@example.com","+78(5)8889272307",
"160","160","fisher.caden@example.net","891.313.7141x337",
"161","161","antonetta.hahn@example.net","(385)008-3123x897",
"162","162","abayer@example.org","298-781-6354x52257",
"163","163","mwill@example.net","285-337-8558x1601",
"164","164","drew.roob@example.net","(587)598-6380x43230",
"165","165","ayla.zulauf@example.com","032.913.2594x253",
"166","166","jean30@example.com","588-493-5790x48801",
"167","167","sanford.monica@example.com","03241168047",
"168","168","hartmann.meghan@example.net","952-830-6780",
"169","169","santina92@example.com","044-186-1708",
"170","170","qkeebler@example.net","(559)893-0746",
"171","171","francisco.simonis@example.org","1-181-227-2219",
"172","172","tina.johns@example.net","+25(2)4968255904",
"173","173","cory85@example.org","1-416-289-4811",
"174","174","heather65@example.org","+70(4)5290391185",
"175","175","nborer@example.com","358.263.7327",
"176","176","gwitting@example.net","891.187.0450",
"177","177","lehner.ariane@example.net","517-611-0759x3094",
"178","178","kris.marianna@example.net","1-993-903-8172",
"179","179","noemie46@example.org","1-879-178-8629x258",
"180","180","olen.turcotte@example.org","333-382-5482",
"181","181","aylin59@example.org","(661)163-4302x886",
"182","182","wiegand.patience@example.org","+39(1)1192760954",
"183","183","wyman.jordan@example.org","(212)750-9081",
"184","184","crooks.demetris@example.com","588-969-4743",
"185","185","kertzmann.wiley@example.com","1-920-313-8579x8826",
"186","186","telly.jakubowski@example.net","1-560-118-0866x443",
"187","187","zrutherford@example.net","340-966-9448",
"188","188","wyatt76@example.com","391.226.9508x3509",
"189","189","roob.kaci@example.com","1-534-218-9115",
"190","190","mike39@example.net","00978392588",
"191","191","nprohaska@example.com","772-058-5129x32103",
"192","192","lafayette11@example.org","1-635-426-5743x677",
"193","193","phoebe78@example.com","+48(1)3972818157",
"194","194","clay97@example.org","065.538.1789",
"195","195","kuhic.mellie@example.net","234.821.5149",
"196","196","froob@example.org","1-641-310-0716",
"197","197","bwilliamson@example.com","253.252.8971",
"198","198","eulalia.hand@example.com","364.990.6352x89267",
"199","199","madaline88@example.com","202.098.0741",
"200","200","orn.joy@example.org","874.163.3371",
