"visitor_id","visitor_name","visitor_surname","visitor_age",
"1","Geovany","Jacobs","42",
"2","Oran","Halvorson","21",
"3","Yasmin","Streich","97",
"4","Candido","Walsh","75",
"5","Pinkie","Kuhlman","86",
"6","Kenyatta","Davis","18",
"7","Ewell","Miller","49",
"8","Neha","Bednar","14",
"9","Modesto","Abshire","50",
"10","Lyda","Wintheiser","49",
"11","Seth","Greenfelder","24",
"12","Natasha","Bruen","20",
"13","Carlo","Klocko","17",
"14","Mitchell","O'Kon","35",
"15","Piper","Veum","93",
"16","Libby","Connelly","29",
"17","Reid","Sporer","29",
"18","Otto","Kihn","74",
"19","Mavis","Larson","80",
"20","Josiane","Durgan","78",
"21","Kurtis","Heidenreich","89",
"22","Paula","Graham","43",
"23","Garry","Cronin","26",
"24","Kraig","Gutkowski","22",
"25","Jaiden","Stracke","35",
"26","Orville","Treutel","68",
"27","Neha","Medhurst","17",
"28","Candido","Doyle","63",
"29","Idella","Gerhold","83",
"30","Fatima","Weber","55",
"31","Elwyn","Shanahan","14",
"32","Arvel","Rosenbaum","55",
"33","Dina","Cole","79",
"34","Alexandrine","Lemke","90",
"35","Casper","Rempel","73",
"36","Dena","Yost","69",
"37","Renee","Price","98",
"38","Earnestine","Rice","37",
"39","Keely","Kemmer","57",
"40","Sherman","Quigley","69",
"41","Yasmine","Klein","15",
"42","Alexie","Hammes","51",
"43","Michel","Kihn","15",
"44","Cody","Runolfsdottir","12",
"45","Isac","Nitzsche","69",
"46","Kip","Dicki","52",
"47","Anika","VonRueden","47",
"48","Jaylin","Kub","54",
"49","Mozell","Ondricka","13",
"50","Blake","Cronin","53",
"51","Helmer","Lang","56",
"52","Spencer","Gutkowski","56",
"53","Leann","Okuneva","23",
"54","Marco","McDermott","33",
"55","Patsy","Rempel","17",
"56","Rosemarie","Gleichner","14",
"57","Berta","Weissnat","13",
"58","Napoleon","Rau","70",
"59","Andre","Smith","12",
"60","Florence","Auer","98",
"61","Cordie","Orn","96",
"62","Alexandro","D'Amore","86",
"63","Amelia","Connelly","41",
"64","Jasper","Carter","68",
"65","Karen","Cassin","90",
"66","Danny","Mueller","84",
"67","Florian","Haag","36",
"68","Doris","Roob","91",
"69","Nya","Macejkovic","60",
"70","Russell","Langworth","17",
"71","Keyon","Muller","92",
"72","Randi","Cole","20",
"73","Felipe","Herman","66",
"74","Peggie","Gaylord","50",
"75","Laurel","Stanton","78",
"76","Darron","Abernathy","14",
"77","Adam","Monahan","43",
"78","Diana","O'Conner","88",
"79","Olin","Wisozk","42",
"80","Elenor","Zboncak","32",
"81","Jesse","Dibbert","23",
"82","Addison","Wilderman","89",
"83","Eula","Beier","90",
"84","Alexandre","Kemmer","48",
"85","Hollie","Greenholt","57",
"86","Payton","Fay","43",
"87","Kianna","Hammes","46",
"88","Jared","Abbott","63",
"89","Chelsey","Sauer","92",
"90","Jackie","Barrows","88",
"91","Alexandrine","Toy","83",
"92","Francesca","Rau","40",
"93","Kelly","Stokes","15",
"94","Victoria","Nienow","62",
"95","Laurel","Grimes","25",
"96","Chelsea","Bechtelar","46",
"97","Jarrett","Hickle","66",
"98","Flossie","Jacobson","44",
"99","Aurore","Bayer","32",
"100","Ora","Kulas","34",
"101","Marguerite","Waters","70",
"102","Renee","Wunsch","82",
"103","Aylin","Rempel","50",
"104","Rosalia","Rosenbaum","18",
"105","Elizabeth","Kreiger","54",
"106","Molly","Larson","42",
"107","Freddie","Legros","64",
"108","Elise","Reichel","39",
"109","Buster","Carter","46",
"110","Dexter","Koelpin","76",
"111","Odie","Nicolas","18",
"112","Berneice","Bailey","16",
"113","Valentina","Jones","24",
"114","Kasey","Borer","74",
"115","Meaghan","Kohler","50",
"116","Leda","Mohr","80",
"117","Ashly","Goodwin","38",
"118","Brooklyn","Sipes","87",
"119","Adolphus","Cole","22",
"120","Julian","Gutkowski","30",
"121","Alfredo","Lynch","68",
"122","Terry","Robel","30",
"123","Nelson","Bosco","86",
"124","Britney","Abernathy","40",
"125","Aiyana","Lemke","23",
"126","Carolyne","Ziemann","84",
"127","Lenore","Lesch","37",
"128","Rhea","Brekke","60",
"129","Lauretta","Johns","91",
"130","Bert","Ratke","33",
"131","Addie","Marvin","35",
"132","Robyn","Thompson","38",
"133","Shannon","Bahringer","77",
"134","Elta","Mante","77",
"135","Chasity","Lemke","76",
"136","Morgan","Thiel","14",
"137","Camryn","Casper","26",
"138","Susanna","Schroeder","28",
"139","Maggie","Kerluke","87",
"140","Minerva","Roob","49",
"141","Eileen","Crist","99",
"142","Johnathan","Emard","82",
"143","Braeden","Gusikowski","52",
"144","Grayce","Blick","32",
"145","Yesenia","Olson","60",
"146","Jewell","Turcotte","90",
"147","Chase","Schuppe","23",
"148","Kayleigh","Willms","66",
"149","Brent","Jacobi","63",
"150","Jayson","Hackett","64",
"151","Minerva","Willms","61",
"152","Carmella","Rodriguez","68",
"153","Curtis","Zemlak","76",
"154","Jan","Tremblay","34",
"155","Elmore","Ziemann","39",
"156","Dorris","Vandervort","45",
"157","Ardith","Prosacco","85",
"158","Letitia","Stoltenberg","37",
"159","Leopoldo","Denesik","47",
"160","Weldon","Stehr","13",
"161","Ramona","Von","37",
"162","Elena","Ullrich","69",
"163","Orion","Mills","34",
"164","Anna","Macejkovic","49",
"165","Isabella","Powlowski","84",
"166","Zoie","Beatty","59",
"167","Jamaal","Bernier","80",
"168","Corine","Paucek","91",
"169","Sheldon","Haag","65",
"170","Myra","Hilpert","73",
"171","Suzanne","Huels","72",
"172","Amalia","Bahringer","28",
"173","Peggie","Olson","46",
"174","Earline","Kuphal","82",
"175","Ali","Goodwin","55",
"176","Norbert","Flatley","79",
"177","Edward","Murazik","33",
"178","Ford","Pfeffer","44",
"179","Alden","Rau","77",
"180","Jazlyn","Langosh","44",
"181","Lucinda","Jacobs","27",
"182","Zelma","Wisoky","85",
"183","Domenico","Schiller","67",
"184","Annie","Harber","68",
"185","Skyla","Yost","83",
"186","Dewitt","Hoppe","51",
"187","Ernestine","Sipes","43",
"188","Zola","Lemke","67",
"189","Liliane","Huel","26",
"190","Brooks","McDermott","86",
"191","Darryl","Heathcote","67",
"192","Isaac","Rowe","52",
"193","Finn","Rowe","67",
"194","Alta","Beahan","96",
"195","Maymie","Emard","24",
"196","Valentin","Smitham","49",
"197","Greta","Hayes","61",
"198","Darlene","Boyle","78",
"199","Noemie","Hettinger","93",
"200","Mason","Buckridge","32",
